-- MySQL dump 10.13  Distrib 5.7.17, for Win64 (x86_64)
--
-- Host: localhost    Database: spring_boot_oauth2
-- ------------------------------------------------------
-- Server version	5.7.18-log

/*!40101 SET @OLD_CHARACTER_SET_CLIENT=@@CHARACTER_SET_CLIENT */;
/*!40101 SET @OLD_CHARACTER_SET_RESULTS=@@CHARACTER_SET_RESULTS */;
/*!40101 SET @OLD_COLLATION_CONNECTION=@@COLLATION_CONNECTION */;
/*!40101 SET NAMES utf8 */;
/*!40103 SET @OLD_TIME_ZONE=@@TIME_ZONE */;
/*!40103 SET TIME_ZONE='+00:00' */;
/*!40014 SET @OLD_UNIQUE_CHECKS=@@UNIQUE_CHECKS, UNIQUE_CHECKS=0 */;
/*!40014 SET @OLD_FOREIGN_KEY_CHECKS=@@FOREIGN_KEY_CHECKS, FOREIGN_KEY_CHECKS=0 */;
/*!40101 SET @OLD_SQL_MODE=@@SQL_MODE, SQL_MODE='NO_AUTO_VALUE_ON_ZERO' */;
/*!40111 SET @OLD_SQL_NOTES=@@SQL_NOTES, SQL_NOTES=0 */;

--
-- Table structure for table `clientdetails`
--

DROP TABLE IF EXISTS `clientdetails`;
/*!40101 SET @saved_cs_client     = @@character_set_client */;
/*!40101 SET character_set_client = utf8 */;
CREATE TABLE `clientdetails` (
  `appId` varchar(255) NOT NULL,
  `resourceIds` varchar(255) DEFAULT NULL,
  `appSecret` varchar(255) DEFAULT NULL,
  `scope` varchar(255) DEFAULT NULL,
  `grantTypes` varchar(255) DEFAULT NULL,
  `redirectUrl` varchar(255) DEFAULT NULL,
  `authorities` varchar(255) DEFAULT NULL,
  `access_token_validity` int(11) DEFAULT NULL,
  `refresh_token_validity` int(11) DEFAULT NULL,
  `additionalInformation` varchar(4096) DEFAULT NULL,
  `autoApproveScopes` varchar(255) DEFAULT NULL,
  PRIMARY KEY (`appId`)
) ENGINE=InnoDB DEFAULT CHARSET=utf8;
/*!40101 SET character_set_client = @saved_cs_client */;

--
-- Dumping data for table `clientdetails`
--

LOCK TABLES `clientdetails` WRITE;
/*!40000 ALTER TABLE `clientdetails` DISABLE KEYS */;
/*!40000 ALTER TABLE `clientdetails` ENABLE KEYS */;
UNLOCK TABLES;

--
-- Table structure for table `hibernate_sequence`
--

DROP TABLE IF EXISTS `hibernate_sequence`;
/*!40101 SET @saved_cs_client     = @@character_set_client */;
/*!40101 SET character_set_client = utf8 */;
CREATE TABLE `hibernate_sequence` (
  `next_val` bigint(20) DEFAULT NULL
) ENGINE=InnoDB DEFAULT CHARSET=utf8;
/*!40101 SET character_set_client = @saved_cs_client */;

--
-- Dumping data for table `hibernate_sequence`
--

LOCK TABLES `hibernate_sequence` WRITE;
/*!40000 ALTER TABLE `hibernate_sequence` DISABLE KEYS */;
INSERT INTO `hibernate_sequence` VALUES (1),(1);
/*!40000 ALTER TABLE `hibernate_sequence` ENABLE KEYS */;
UNLOCK TABLES;

--
-- Table structure for table `oauth_access_token`
--

DROP TABLE IF EXISTS `oauth_access_token`;
/*!40101 SET @saved_cs_client     = @@character_set_client */;
/*!40101 SET character_set_client = utf8 */;
CREATE TABLE `oauth_access_token` (
  `token_id` varchar(255) DEFAULT NULL,
  `token` mediumblob,
  `authentication_id` varchar(255) NOT NULL,
  `user_name` varchar(255) DEFAULT NULL,
  `client_id` varchar(255) DEFAULT NULL,
  `authentication` mediumblob,
  `refresh_token` varchar(255) DEFAULT NULL,
  PRIMARY KEY (`authentication_id`)
) ENGINE=InnoDB DEFAULT CHARSET=utf8;
/*!40101 SET character_set_client = @saved_cs_client */;

--
-- Dumping data for table `oauth_access_token`
--

LOCK TABLES `oauth_access_token` WRITE;
/*!40000 ALTER TABLE `oauth_access_token` DISABLE KEYS */;
INSERT INTO `oauth_access_token` VALUES ('b6eed91e9a3fd895e49fac6a671da264','¨\Ì\0sr\0Corg.springframework.security.oauth2.common.DefaultOAuth2AccessToken≤û6$˙\Œ\0L\0additionalInformationt\0Ljava/util/Map;L\0\nexpirationt\0Ljava/util/Date;L\0refreshTokent\0?Lorg/springframework/security/oauth2/common/OAuth2RefreshToken;L\0scopet\0Ljava/util/Set;L\0	tokenTypet\0Ljava/lang/String;L\0valueq\0~\0xpsr\0java.util.Collections$EmptyMapY6ÖZ\‹\Á\–\0\0xpsr\0java.util.DatehjÅKYt\0\0xpw\0\0y¿Lœ®xsr\0Lorg.springframework.security.oauth2.common.DefaultExpiringOAuth2RefreshToken/\ﬂGcù\–…∑\0L\0\nexpirationq\0~\0xr\0Dorg.springframework.security.oauth2.common.DefaultOAuth2RefreshTokens\·\ncT\‘^\0L\0valueq\0~\0xpt\0$99ae5cc6-9a5f-464d-9da4-f1d09cb41190sq\0~\0	w\0\0y¿Lœ•xsr\0%java.util.Collections$UnmodifiableSetÄí—èõÄU\0\0xr\0,java.util.Collections$UnmodifiableCollectionB\0Ä\À^˜\0L\0ct\0Ljava/util/Collection;xpsr\0java.util.LinkedHashSet\ÿl\◊Zï\›*\0\0xr\0java.util.HashSet∫DÖïñ∏∑4\0\0xpw\0\0\0?@\0\0\0\0\0t\0imranmadbart\0medt\0readt\0writext\0bearert\0$9936da07-c766-4739-aabf-c44be9641ee8','4ecbf110639a01db626a9e6f3a7e98a4','user','imranmadbarClientAppId','¨\Ì\0sr\0Aorg.springframework.security.oauth2.provider.OAuth2AuthenticationΩ@bR\0L\0\rstoredRequestt\0<Lorg/springframework/security/oauth2/provider/OAuth2Request;L\0userAuthenticationt\02Lorg/springframework/security/core/Authentication;xr\0Gorg.springframework.security.authentication.AbstractAuthenticationToken”™(~nGd\0Z\0\rauthenticatedL\0authoritiest\0Ljava/util/Collection;L\0detailst\0Ljava/lang/Object;xp\0sr\0&java.util.Collections$UnmodifiableList¸%1µ\Ïé\0L\0listt\0Ljava/util/List;xr\0,java.util.Collections$UnmodifiableCollectionB\0Ä\À^˜\0L\0cq\0~\0xpsr\0java.util.ArrayListxÅ\“ô\«aù\0I\0sizexp\0\0\0w\0\0\0sr\0Borg.springframework.security.core.authority.SimpleGrantedAuthority\0\0\0\0\0\0˛\0L\0rolet\0Ljava/lang/String;xpt\0	ROLE_USERsq\0~\0\rt\0\nROLE_GEASTxq\0~\0psr\0:org.springframework.security.oauth2.provider.OAuth2Request\0\0\0\0\0\0\0\0Z\0approvedL\0authoritiesq\0~\0L\0\nextensionst\0Ljava/util/Map;L\0redirectUriq\0~\0L\0refresht\0;Lorg/springframework/security/oauth2/provider/TokenRequest;L\0resourceIdst\0Ljava/util/Set;L\0\rresponseTypesq\0~\0xr\08org.springframework.security.oauth2.provider.BaseRequest6(z>£qiΩ\0L\0clientIdq\0~\0L\0requestParametersq\0~\0L\0scopeq\0~\0xpt\0imranmadbarClientAppIdsr\0%java.util.Collections$UnmodifiableMapÒ•®˛tıB\0L\0mq\0~\0xpsr\0java.util.HashMap\⁄¡\√`\—\0F\0\nloadFactorI\0	thresholdxp?@\0\0\0\0\0w\0\0\0\0\0\0t\0\ngrant_typet\0passwordt\0	client_idt\0imranmadbarClientAppIdt\0usernamet\0userxsr\0%java.util.Collections$UnmodifiableSetÄí—èõÄU\0\0xq\0~\0	sr\0java.util.LinkedHashSet\ÿl\◊Zï\›*\0\0xr\0java.util.HashSet∫DÖïñ∏∑4\0\0xpw\0\0\0?@\0\0\0\0\0t\0imranmadbart\0medt\0readt\0writexsq\0~\0\'w\0\0\0?@\0\0\0\0\0\0xsq\0~\0?@\0\0\0\0\0\0w\0\0\0\0\0\0\0xppsq\0~\0\'w\0\0\0?@\0\0\0\0\0\0xsq\0~\0\'w\0\0\0?@\0\0\0\0\0\0xsr\0Oorg.springframework.security.authentication.UsernamePasswordAuthenticationToken\0\0\0\0\0\0˛\0L\0credentialsq\0~\0L\0	principalq\0~\0xq\0~\0sq\0~\0sq\0~\0\0\0\0w\0\0\0q\0~\0q\0~\0xq\0~\04sr\0java.util.LinkedHashMap4¿N\\l¿˚\0Z\0accessOrderxq\0~\0?@\0\0\0\0\0w\0\0\0\0\0\0q\0~\0q\0~\0q\0~\0 q\0~\0!q\0~\0\"q\0~\0#x\0pt\0user','d03a0b8ba09ff9df551dc7f723feb900'),('b09abe6bbdf073880ab9f8103fbe0999','¨\Ì\0sr\0Corg.springframework.security.oauth2.common.DefaultOAuth2AccessToken≤û6$˙\Œ\0L\0additionalInformationt\0Ljava/util/Map;L\0\nexpirationt\0Ljava/util/Date;L\0refreshTokent\0?Lorg/springframework/security/oauth2/common/OAuth2RefreshToken;L\0scopet\0Ljava/util/Set;L\0	tokenTypet\0Ljava/lang/String;L\0valueq\0~\0xpsr\0java.util.Collections$EmptyMapY6ÖZ\‹\Á\–\0\0xpsr\0java.util.DatehjÅKYt\0\0xpw\0\0yø◊¨oxpsr\0%java.util.Collections$UnmodifiableSetÄí—èõÄU\0\0xr\0,java.util.Collections$UnmodifiableCollectionB\0Ä\À^˜\0L\0ct\0Ljava/util/Collection;xpsr\0java.util.LinkedHashSet\ÿl\◊Zï\›*\0\0xr\0java.util.HashSet∫DÖïñ∏∑4\0\0xpw\0\0\0?@\0\0\0\0\0t\0readt\0writext\0bearert\0$2cc53421-1c51-4a5c-add0-99519740bc39','936ff2379c75fe73c66ccf8bf6341759','user','client','¨\Ì\0sr\0Aorg.springframework.security.oauth2.provider.OAuth2AuthenticationΩ@bR\0L\0\rstoredRequestt\0<Lorg/springframework/security/oauth2/provider/OAuth2Request;L\0userAuthenticationt\02Lorg/springframework/security/core/Authentication;xr\0Gorg.springframework.security.authentication.AbstractAuthenticationToken”™(~nGd\0Z\0\rauthenticatedL\0authoritiest\0Ljava/util/Collection;L\0detailst\0Ljava/lang/Object;xp\0sr\0&java.util.Collections$UnmodifiableList¸%1µ\Ïé\0L\0listt\0Ljava/util/List;xr\0,java.util.Collections$UnmodifiableCollectionB\0Ä\À^˜\0L\0cq\0~\0xpsr\0java.util.ArrayListxÅ\“ô\«aù\0I\0sizexp\0\0\0w\0\0\0sr\0Borg.springframework.security.core.authority.SimpleGrantedAuthority\0\0\0\0\0\0˛\0L\0rolet\0Ljava/lang/String;xpt\0	ROLE_USERxq\0~\0psr\0:org.springframework.security.oauth2.provider.OAuth2Request\0\0\0\0\0\0\0\0Z\0approvedL\0authoritiesq\0~\0L\0\nextensionst\0Ljava/util/Map;L\0redirectUriq\0~\0L\0refresht\0;Lorg/springframework/security/oauth2/provider/TokenRequest;L\0resourceIdst\0Ljava/util/Set;L\0\rresponseTypesq\0~\0xr\08org.springframework.security.oauth2.provider.BaseRequest6(z>£qiΩ\0L\0clientIdq\0~\0L\0requestParametersq\0~\0L\0scopeq\0~\0xpt\0clientsr\0%java.util.Collections$UnmodifiableMapÒ•®˛tıB\0L\0mq\0~\0xpsr\0java.util.HashMap\⁄¡\√`\—\0F\0\nloadFactorI\0	thresholdxp?@\0\0\0\0\0w\0\0\0\0\0\0t\0\ngrant_typet\0passwordt\0	client_idt\0clientt\0usernamet\0userxsr\0%java.util.Collections$UnmodifiableSetÄí—èõÄU\0\0xq\0~\0	sr\0java.util.LinkedHashSet\ÿl\◊Zï\›*\0\0xr\0java.util.HashSet∫DÖïñ∏∑4\0\0xpw\0\0\0?@\0\0\0\0\0t\0readt\0writexsq\0~\0%w\0\0\0?@\0\0\0\0\0\0xsq\0~\0\Z?@\0\0\0\0\0\0w\0\0\0\0\0\0\0xppsq\0~\0%w\0\0\0?@\0\0\0\0\0\0xsq\0~\0%w\0\0\0?@\0\0\0\0\0\0xsr\0Oorg.springframework.security.authentication.UsernamePasswordAuthenticationToken\0\0\0\0\0\0˛\0L\0credentialsq\0~\0L\0	principalq\0~\0xq\0~\0sq\0~\0sq\0~\0\0\0\0w\0\0\0q\0~\0xq\0~\00sr\0java.util.LinkedHashMap4¿N\\l¿˚\0Z\0accessOrderxq\0~\0\Z?@\0\0\0\0\0w\0\0\0\0\0\0q\0~\0q\0~\0q\0~\0q\0~\0q\0~\0 q\0~\0!x\0psr\02org.springframework.security.core.userdetails.User\0\0\0\0\0\0˛\0Z\0accountNonExpiredZ\0accountNonLockedZ\0credentialsNonExpiredZ\0enabledL\0authoritiesq\0~\0L\0passwordq\0~\0L\0usernameq\0~\0xpsq\0~\0\"sr\0java.util.TreeSet›òPìï\Ìá[\0\0xpsr\0Forg.springframework.security.core.userdetails.User$AuthorityComparator\0\0\0\0\0\0˛\0\0xpw\0\0\0q\0~\0xpt\0user',NULL),('f9486a8889914da80eb06ed36fb709b4','¨\Ì\0sr\0Corg.springframework.security.oauth2.common.DefaultOAuth2AccessToken≤û6$˙\Œ\0L\0additionalInformationt\0Ljava/util/Map;L\0\nexpirationt\0Ljava/util/Date;L\0refreshTokent\0?Lorg/springframework/security/oauth2/common/OAuth2RefreshToken;L\0scopet\0Ljava/util/Set;L\0	tokenTypet\0Ljava/lang/String;L\0valueq\0~\0xpsr\0java.util.Collections$EmptyMapY6ÖZ\‹\Á\–\0\0xpsr\0java.util.DatehjÅKYt\0\0xpw\0\0yø≥£¥xpsr\0%java.util.Collections$UnmodifiableSetÄí—èõÄU\0\0xr\0,java.util.Collections$UnmodifiableCollectionB\0Ä\À^˜\0L\0ct\0Ljava/util/Collection;xpsr\0java.util.LinkedHashSet\ÿl\◊Zï\›*\0\0xr\0java.util.HashSet∫DÖïñ∏∑4\0\0xpw\0\0\0?@\0\0\0\0\0t\0readt\0writext\0bearert\0$5fb4ffc3-85b9-46f4-b215-5d9e08130274','ead6a30543a311af7cafb0a13ba785de','admin','client','¨\Ì\0sr\0Aorg.springframework.security.oauth2.provider.OAuth2AuthenticationΩ@bR\0L\0\rstoredRequestt\0<Lorg/springframework/security/oauth2/provider/OAuth2Request;L\0userAuthenticationt\02Lorg/springframework/security/core/Authentication;xr\0Gorg.springframework.security.authentication.AbstractAuthenticationToken”™(~nGd\0Z\0\rauthenticatedL\0authoritiest\0Ljava/util/Collection;L\0detailst\0Ljava/lang/Object;xp\0sr\0&java.util.Collections$UnmodifiableList¸%1µ\Ïé\0L\0listt\0Ljava/util/List;xr\0,java.util.Collections$UnmodifiableCollectionB\0Ä\À^˜\0L\0cq\0~\0xpsr\0java.util.ArrayListxÅ\“ô\«aù\0I\0sizexp\0\0\0w\0\0\0sr\0Borg.springframework.security.core.authority.SimpleGrantedAuthority\0\0\0\0\0\0˛\0L\0rolet\0Ljava/lang/String;xpt\0\nROLE_ADMINsq\0~\0\rt\0	ROLE_USERxq\0~\0psr\0:org.springframework.security.oauth2.provider.OAuth2Request\0\0\0\0\0\0\0\0Z\0approvedL\0authoritiesq\0~\0L\0\nextensionst\0Ljava/util/Map;L\0redirectUriq\0~\0L\0refresht\0;Lorg/springframework/security/oauth2/provider/TokenRequest;L\0resourceIdst\0Ljava/util/Set;L\0\rresponseTypesq\0~\0xr\08org.springframework.security.oauth2.provider.BaseRequest6(z>£qiΩ\0L\0clientIdq\0~\0L\0requestParametersq\0~\0L\0scopeq\0~\0xpt\0clientsr\0%java.util.Collections$UnmodifiableMapÒ•®˛tıB\0L\0mq\0~\0xpsr\0java.util.HashMap\⁄¡\√`\—\0F\0\nloadFactorI\0	thresholdxp?@\0\0\0\0\0w\0\0\0\0\0\0t\0\ngrant_typet\0passwordt\0	client_idt\0clientt\0usernamet\0adminxsr\0%java.util.Collections$UnmodifiableSetÄí—èõÄU\0\0xq\0~\0	sr\0java.util.LinkedHashSet\ÿl\◊Zï\›*\0\0xr\0java.util.HashSet∫DÖïñ∏∑4\0\0xpw\0\0\0?@\0\0\0\0\0t\0readt\0writexsq\0~\0\'w\0\0\0?@\0\0\0\0\0\0xsq\0~\0?@\0\0\0\0\0\0w\0\0\0\0\0\0\0xppsq\0~\0\'w\0\0\0?@\0\0\0\0\0\0xsq\0~\0\'w\0\0\0?@\0\0\0\0\0\0xsr\0Oorg.springframework.security.authentication.UsernamePasswordAuthenticationToken\0\0\0\0\0\0˛\0L\0credentialsq\0~\0L\0	principalq\0~\0xq\0~\0sq\0~\0sq\0~\0\0\0\0w\0\0\0q\0~\0q\0~\0xq\0~\02sr\0java.util.LinkedHashMap4¿N\\l¿˚\0Z\0accessOrderxq\0~\0?@\0\0\0\0\0w\0\0\0\0\0\0q\0~\0q\0~\0q\0~\0 q\0~\0!q\0~\0\"q\0~\0#x\0psr\02org.springframework.security.core.userdetails.User\0\0\0\0\0\0˛\0Z\0accountNonExpiredZ\0accountNonLockedZ\0credentialsNonExpiredZ\0enabledL\0authoritiesq\0~\0L\0passwordq\0~\0L\0usernameq\0~\0xpsq\0~\0$sr\0java.util.TreeSet›òPìï\Ìá[\0\0xpsr\0Forg.springframework.security.core.userdetails.User$AuthorityComparator\0\0\0\0\0\0˛\0\0xpw\0\0\0q\0~\0q\0~\0xpt\0admin',NULL),('daf2e0754d2e2144591f336276e6f928','¨\Ì\0sr\0Corg.springframework.security.oauth2.common.DefaultOAuth2AccessToken≤û6$˙\Œ\0L\0additionalInformationt\0Ljava/util/Map;L\0\nexpirationt\0Ljava/util/Date;L\0refreshTokent\0?Lorg/springframework/security/oauth2/common/OAuth2RefreshToken;L\0scopet\0Ljava/util/Set;L\0	tokenTypet\0Ljava/lang/String;L\0valueq\0~\0xpsr\0java.util.Collections$EmptyMapY6ÖZ\‹\Á\–\0\0xpsr\0java.util.DatehjÅKYt\0\0xpw\0\0y¿bîxsr\0Lorg.springframework.security.oauth2.common.DefaultExpiringOAuth2RefreshToken/\ﬂGcù\–…∑\0L\0\nexpirationq\0~\0xr\0Dorg.springframework.security.oauth2.common.DefaultOAuth2RefreshTokens\·\ncT\‘^\0L\0valueq\0~\0xpt\0$7aec51e8-b028-4ce9-9099-7718971eea91sq\0~\0	w\0\0y¿bîxsr\0%java.util.Collections$UnmodifiableSetÄí—èõÄU\0\0xr\0,java.util.Collections$UnmodifiableCollectionB\0Ä\À^˜\0L\0ct\0Ljava/util/Collection;xpsr\0java.util.LinkedHashSet\ÿl\◊Zï\›*\0\0xr\0java.util.HashSet∫DÖïñ∏∑4\0\0xpw\0\0\0?@\0\0\0\0\0t\0imranmadbart\0medt\0readt\0writext\0bearert\0$960f6051-3b93-486e-bf1b-474ed99f0253','f28476cbddddaa31f09ee8eb10ff540d','admin','imranmadbarClientAppId','¨\Ì\0sr\0Aorg.springframework.security.oauth2.provider.OAuth2AuthenticationΩ@bR\0L\0\rstoredRequestt\0<Lorg/springframework/security/oauth2/provider/OAuth2Request;L\0userAuthenticationt\02Lorg/springframework/security/core/Authentication;xr\0Gorg.springframework.security.authentication.AbstractAuthenticationToken”™(~nGd\0Z\0\rauthenticatedL\0authoritiest\0Ljava/util/Collection;L\0detailst\0Ljava/lang/Object;xp\0sr\0&java.util.Collections$UnmodifiableList¸%1µ\Ïé\0L\0listt\0Ljava/util/List;xr\0,java.util.Collections$UnmodifiableCollectionB\0Ä\À^˜\0L\0cq\0~\0xpsr\0java.util.ArrayListxÅ\“ô\«aù\0I\0sizexp\0\0\0w\0\0\0sr\0Borg.springframework.security.core.authority.SimpleGrantedAuthority\0\0\0\0\0\0˛\0L\0rolet\0Ljava/lang/String;xpt\0	ROLE_USERsq\0~\0\rt\0\nROLE_ADMINsq\0~\0\rt\0ROLE_SUPERADMINxq\0~\0psr\0:org.springframework.security.oauth2.provider.OAuth2Request\0\0\0\0\0\0\0\0Z\0approvedL\0authoritiesq\0~\0L\0\nextensionst\0Ljava/util/Map;L\0redirectUriq\0~\0L\0refresht\0;Lorg/springframework/security/oauth2/provider/TokenRequest;L\0resourceIdst\0Ljava/util/Set;L\0\rresponseTypesq\0~\0xr\08org.springframework.security.oauth2.provider.BaseRequest6(z>£qiΩ\0L\0clientIdq\0~\0L\0requestParametersq\0~\0L\0scopeq\0~\0xpt\0imranmadbarClientAppIdsr\0%java.util.Collections$UnmodifiableMapÒ•®˛tıB\0L\0mq\0~\0xpsr\0java.util.HashMap\⁄¡\√`\—\0F\0\nloadFactorI\0	thresholdxp?@\0\0\0\0\0w\0\0\0\0\0\0t\0\ngrant_typet\0passwordt\0	client_idt\0imranmadbarClientAppIdt\0usernamet\0adminxsr\0%java.util.Collections$UnmodifiableSetÄí—èõÄU\0\0xq\0~\0	sr\0java.util.LinkedHashSet\ÿl\◊Zï\›*\0\0xr\0java.util.HashSet∫DÖïñ∏∑4\0\0xpw\0\0\0?@\0\0\0\0\0t\0imranmadbart\0medt\0readt\0writexsq\0~\0)w\0\0\0?@\0\0\0\0\0\0xsq\0~\0?@\0\0\0\0\0\0w\0\0\0\0\0\0\0xppsq\0~\0)w\0\0\0?@\0\0\0\0\0\0xsq\0~\0)w\0\0\0?@\0\0\0\0\0\0xsr\0Oorg.springframework.security.authentication.UsernamePasswordAuthenticationToken\0\0\0\0\0\0˛\0L\0credentialsq\0~\0L\0	principalq\0~\0xq\0~\0sq\0~\0sq\0~\0\0\0\0w\0\0\0q\0~\0q\0~\0q\0~\0xq\0~\06sr\0java.util.LinkedHashMap4¿N\\l¿˚\0Z\0accessOrderxq\0~\0?@\0\0\0\0\0w\0\0\0\0\0\0q\0~\0 q\0~\0!q\0~\0\"q\0~\0#q\0~\0$q\0~\0%x\0pt\0admin','a5129044d93c72ac9fae204fdff61d98');
/*!40000 ALTER TABLE `oauth_access_token` ENABLE KEYS */;
UNLOCK TABLES;

--
-- Table structure for table `oauth_approvals`
--

DROP TABLE IF EXISTS `oauth_approvals`;
/*!40101 SET @saved_cs_client     = @@character_set_client */;
/*!40101 SET character_set_client = utf8 */;
CREATE TABLE `oauth_approvals` (
  `userId` varchar(255) DEFAULT NULL,
  `clientId` varchar(255) DEFAULT NULL,
  `scope` varchar(255) DEFAULT NULL,
  `status` varchar(10) DEFAULT NULL,
  `expiresAt` timestamp NOT NULL DEFAULT CURRENT_TIMESTAMP ON UPDATE CURRENT_TIMESTAMP,
  `lastModifiedAt` timestamp NOT NULL DEFAULT '0000-00-00 00:00:00'
) ENGINE=InnoDB DEFAULT CHARSET=utf8;
/*!40101 SET character_set_client = @saved_cs_client */;

--
-- Dumping data for table `oauth_approvals`
--

LOCK TABLES `oauth_approvals` WRITE;
/*!40000 ALTER TABLE `oauth_approvals` DISABLE KEYS */;
/*!40000 ALTER TABLE `oauth_approvals` ENABLE KEYS */;
UNLOCK TABLES;

--
-- Table structure for table `oauth_client_details`
--

DROP TABLE IF EXISTS `oauth_client_details`;
/*!40101 SET @saved_cs_client     = @@character_set_client */;
/*!40101 SET character_set_client = utf8 */;
CREATE TABLE `oauth_client_details` (
  `client_id` varchar(255) NOT NULL,
  `resource_ids` varchar(255) DEFAULT NULL,
  `client_secret` varchar(255) DEFAULT NULL,
  `scope` varchar(255) DEFAULT NULL,
  `authorized_grant_types` varchar(255) DEFAULT NULL,
  `web_server_redirect_uri` varchar(255) DEFAULT NULL,
  `authorities` varchar(255) DEFAULT NULL,
  `access_token_validity` int(11) DEFAULT NULL,
  `refresh_token_validity` int(11) DEFAULT NULL,
  `additional_information` varchar(4096) DEFAULT NULL,
  `autoapprove` varchar(255) DEFAULT NULL,
  PRIMARY KEY (`client_id`)
) ENGINE=InnoDB DEFAULT CHARSET=utf8;
/*!40101 SET character_set_client = @saved_cs_client */;

--
-- Dumping data for table `oauth_client_details`
--

LOCK TABLES `oauth_client_details` WRITE;
/*!40000 ALTER TABLE `oauth_client_details` DISABLE KEYS */;
INSERT INTO `oauth_client_details` VALUES ('imranmadbarClientAppId',NULL,'appSecret','imranmadbar,med,read,write','password,authorization_code,refresh_token',NULL,NULL,36000,36000,NULL,'1');
/*!40000 ALTER TABLE `oauth_client_details` ENABLE KEYS */;
UNLOCK TABLES;

--
-- Table structure for table `oauth_client_token`
--

DROP TABLE IF EXISTS `oauth_client_token`;
/*!40101 SET @saved_cs_client     = @@character_set_client */;
/*!40101 SET character_set_client = utf8 */;
CREATE TABLE `oauth_client_token` (
  `token_id` varchar(255) DEFAULT NULL,
  `token` mediumblob,
  `authentication_id` varchar(255) NOT NULL,
  `user_name` varchar(255) DEFAULT NULL,
  `client_id` varchar(255) DEFAULT NULL,
  PRIMARY KEY (`authentication_id`)
) ENGINE=InnoDB DEFAULT CHARSET=utf8;
/*!40101 SET character_set_client = @saved_cs_client */;

--
-- Dumping data for table `oauth_client_token`
--

LOCK TABLES `oauth_client_token` WRITE;
/*!40000 ALTER TABLE `oauth_client_token` DISABLE KEYS */;
/*!40000 ALTER TABLE `oauth_client_token` ENABLE KEYS */;
UNLOCK TABLES;

--
-- Table structure for table `oauth_code`
--

DROP TABLE IF EXISTS `oauth_code`;
/*!40101 SET @saved_cs_client     = @@character_set_client */;
/*!40101 SET character_set_client = utf8 */;
CREATE TABLE `oauth_code` (
  `code` varchar(255) DEFAULT NULL,
  `authentication` mediumblob
) ENGINE=InnoDB DEFAULT CHARSET=utf8;
/*!40101 SET character_set_client = @saved_cs_client */;

--
-- Dumping data for table `oauth_code`
--

LOCK TABLES `oauth_code` WRITE;
/*!40000 ALTER TABLE `oauth_code` DISABLE KEYS */;
/*!40000 ALTER TABLE `oauth_code` ENABLE KEYS */;
UNLOCK TABLES;

--
-- Table structure for table `oauth_refresh_token`
--

DROP TABLE IF EXISTS `oauth_refresh_token`;
/*!40101 SET @saved_cs_client     = @@character_set_client */;
/*!40101 SET character_set_client = utf8 */;
CREATE TABLE `oauth_refresh_token` (
  `token_id` varchar(255) DEFAULT NULL,
  `token` mediumblob,
  `authentication` mediumblob
) ENGINE=InnoDB DEFAULT CHARSET=utf8;
/*!40101 SET character_set_client = @saved_cs_client */;

--
-- Dumping data for table `oauth_refresh_token`
--

LOCK TABLES `oauth_refresh_token` WRITE;
/*!40000 ALTER TABLE `oauth_refresh_token` DISABLE KEYS */;
INSERT INTO `oauth_refresh_token` VALUES ('d03a0b8ba09ff9df551dc7f723feb900','¨\Ì\0sr\0Lorg.springframework.security.oauth2.common.DefaultExpiringOAuth2RefreshToken/\ﬂGcù\–…∑\0L\0\nexpirationt\0Ljava/util/Date;xr\0Dorg.springframework.security.oauth2.common.DefaultOAuth2RefreshTokens\·\ncT\‘^\0L\0valuet\0Ljava/lang/String;xpt\0$99ae5cc6-9a5f-464d-9da4-f1d09cb41190sr\0java.util.DatehjÅKYt\0\0xpw\0\0y¿Lœ•x','¨\Ì\0sr\0Aorg.springframework.security.oauth2.provider.OAuth2AuthenticationΩ@bR\0L\0\rstoredRequestt\0<Lorg/springframework/security/oauth2/provider/OAuth2Request;L\0userAuthenticationt\02Lorg/springframework/security/core/Authentication;xr\0Gorg.springframework.security.authentication.AbstractAuthenticationToken”™(~nGd\0Z\0\rauthenticatedL\0authoritiest\0Ljava/util/Collection;L\0detailst\0Ljava/lang/Object;xp\0sr\0&java.util.Collections$UnmodifiableList¸%1µ\Ïé\0L\0listt\0Ljava/util/List;xr\0,java.util.Collections$UnmodifiableCollectionB\0Ä\À^˜\0L\0cq\0~\0xpsr\0java.util.ArrayListxÅ\“ô\«aù\0I\0sizexp\0\0\0w\0\0\0sr\0Borg.springframework.security.core.authority.SimpleGrantedAuthority\0\0\0\0\0\0˛\0L\0rolet\0Ljava/lang/String;xpt\0	ROLE_USERxq\0~\0psr\0:org.springframework.security.oauth2.provider.OAuth2Request\0\0\0\0\0\0\0\0Z\0approvedL\0authoritiesq\0~\0L\0\nextensionst\0Ljava/util/Map;L\0redirectUriq\0~\0L\0refresht\0;Lorg/springframework/security/oauth2/provider/TokenRequest;L\0resourceIdst\0Ljava/util/Set;L\0\rresponseTypesq\0~\0xr\08org.springframework.security.oauth2.provider.BaseRequest6(z>£qiΩ\0L\0clientIdq\0~\0L\0requestParametersq\0~\0L\0scopeq\0~\0xpt\0imranmadbarClientAppIdsr\0%java.util.Collections$UnmodifiableMapÒ•®˛tıB\0L\0mq\0~\0xpsr\0java.util.HashMap\⁄¡\√`\—\0F\0\nloadFactorI\0	thresholdxp?@\0\0\0\0\0w\0\0\0\0\0\0t\0\ngrant_typet\0passwordt\0	client_idt\0imranmadbarClientAppIdt\0usernamet\0userxsr\0%java.util.Collections$UnmodifiableSetÄí—èõÄU\0\0xq\0~\0	sr\0java.util.LinkedHashSet\ÿl\◊Zï\›*\0\0xr\0java.util.HashSet∫DÖïñ∏∑4\0\0xpw\0\0\0?@\0\0\0\0\0t\0imranmadbart\0medt\0readt\0writexsq\0~\0%w\0\0\0?@\0\0\0\0\0\0xsq\0~\0\Z?@\0\0\0\0\0\0w\0\0\0\0\0\0\0xppsq\0~\0%w\0\0\0?@\0\0\0\0\0\0xsq\0~\0%w\0\0\0?@\0\0\0\0\0\0xsr\0Oorg.springframework.security.authentication.UsernamePasswordAuthenticationToken\0\0\0\0\0\0˛\0L\0credentialsq\0~\0L\0	principalq\0~\0xq\0~\0sq\0~\0sq\0~\0\0\0\0w\0\0\0q\0~\0xq\0~\02sr\0java.util.LinkedHashMap4¿N\\l¿˚\0Z\0accessOrderxq\0~\0\Z?@\0\0\0\0\0w\0\0\0\0\0\0q\0~\0q\0~\0q\0~\0q\0~\0q\0~\0 q\0~\0!x\0psr\02org.springframework.security.core.userdetails.User\0\0\0\0\0\0˛\0Z\0accountNonExpiredZ\0accountNonLockedZ\0credentialsNonExpiredZ\0enabledL\0authoritiesq\0~\0L\0passwordq\0~\0L\0usernameq\0~\0xpsq\0~\0\"sr\0java.util.TreeSet›òPìï\Ìá[\0\0xpsr\0Forg.springframework.security.core.userdetails.User$AuthorityComparator\0\0\0\0\0\0˛\0\0xpw\0\0\0q\0~\0xpt\0user'),('a5129044d93c72ac9fae204fdff61d98','¨\Ì\0sr\0Lorg.springframework.security.oauth2.common.DefaultExpiringOAuth2RefreshToken/\ﬂGcù\–…∑\0L\0\nexpirationt\0Ljava/util/Date;xr\0Dorg.springframework.security.oauth2.common.DefaultOAuth2RefreshTokens\·\ncT\‘^\0L\0valuet\0Ljava/lang/String;xpt\0$7aec51e8-b028-4ce9-9099-7718971eea91sr\0java.util.DatehjÅKYt\0\0xpw\0\0y¿bîx','¨\Ì\0sr\0Aorg.springframework.security.oauth2.provider.OAuth2AuthenticationΩ@bR\0L\0\rstoredRequestt\0<Lorg/springframework/security/oauth2/provider/OAuth2Request;L\0userAuthenticationt\02Lorg/springframework/security/core/Authentication;xr\0Gorg.springframework.security.authentication.AbstractAuthenticationToken”™(~nGd\0Z\0\rauthenticatedL\0authoritiest\0Ljava/util/Collection;L\0detailst\0Ljava/lang/Object;xp\0sr\0&java.util.Collections$UnmodifiableList¸%1µ\Ïé\0L\0listt\0Ljava/util/List;xr\0,java.util.Collections$UnmodifiableCollectionB\0Ä\À^˜\0L\0cq\0~\0xpsr\0java.util.ArrayListxÅ\“ô\«aù\0I\0sizexp\0\0\0w\0\0\0sr\0Borg.springframework.security.core.authority.SimpleGrantedAuthority\0\0\0\0\0\0˛\0L\0rolet\0Ljava/lang/String;xpt\0	ROLE_USERsq\0~\0\rt\0\nROLE_ADMINsq\0~\0\rt\0ROLE_SUPERADMINxq\0~\0psr\0:org.springframework.security.oauth2.provider.OAuth2Request\0\0\0\0\0\0\0\0Z\0approvedL\0authoritiesq\0~\0L\0\nextensionst\0Ljava/util/Map;L\0redirectUriq\0~\0L\0refresht\0;Lorg/springframework/security/oauth2/provider/TokenRequest;L\0resourceIdst\0Ljava/util/Set;L\0\rresponseTypesq\0~\0xr\08org.springframework.security.oauth2.provider.BaseRequest6(z>£qiΩ\0L\0clientIdq\0~\0L\0requestParametersq\0~\0L\0scopeq\0~\0xpt\0imranmadbarClientAppIdsr\0%java.util.Collections$UnmodifiableMapÒ•®˛tıB\0L\0mq\0~\0xpsr\0java.util.HashMap\⁄¡\√`\—\0F\0\nloadFactorI\0	thresholdxp?@\0\0\0\0\0w\0\0\0\0\0\0t\0\ngrant_typet\0passwordt\0	client_idt\0imranmadbarClientAppIdt\0usernamet\0adminxsr\0%java.util.Collections$UnmodifiableSetÄí—èõÄU\0\0xq\0~\0	sr\0java.util.LinkedHashSet\ÿl\◊Zï\›*\0\0xr\0java.util.HashSet∫DÖïñ∏∑4\0\0xpw\0\0\0?@\0\0\0\0\0t\0imranmadbart\0medt\0readt\0writexsq\0~\0)w\0\0\0?@\0\0\0\0\0\0xsq\0~\0?@\0\0\0\0\0\0w\0\0\0\0\0\0\0xppsq\0~\0)w\0\0\0?@\0\0\0\0\0\0xsq\0~\0)w\0\0\0?@\0\0\0\0\0\0xsr\0Oorg.springframework.security.authentication.UsernamePasswordAuthenticationToken\0\0\0\0\0\0˛\0L\0credentialsq\0~\0L\0	principalq\0~\0xq\0~\0sq\0~\0sq\0~\0\0\0\0w\0\0\0q\0~\0q\0~\0q\0~\0xq\0~\06sr\0java.util.LinkedHashMap4¿N\\l¿˚\0Z\0accessOrderxq\0~\0?@\0\0\0\0\0w\0\0\0\0\0\0q\0~\0 q\0~\0!q\0~\0\"q\0~\0#q\0~\0$q\0~\0%x\0pt\0admin');
/*!40000 ALTER TABLE `oauth_refresh_token` ENABLE KEYS */;
UNLOCK TABLES;

--
-- Table structure for table `roles_tbl`
--

DROP TABLE IF EXISTS `roles_tbl`;
/*!40101 SET @saved_cs_client     = @@character_set_client */;
/*!40101 SET character_set_client = utf8 */;
CREATE TABLE `roles_tbl` (
  `id` int(11) NOT NULL,
  `description` varchar(255) DEFAULT NULL,
  `is_deleted` tinyint(1) NOT NULL DEFAULT '0',
  `name` varchar(255) DEFAULT NULL,
  PRIMARY KEY (`id`)
) ENGINE=InnoDB DEFAULT CHARSET=utf8;
/*!40101 SET character_set_client = @saved_cs_client */;

--
-- Dumping data for table `roles_tbl`
--

LOCK TABLES `roles_tbl` WRITE;
/*!40000 ALTER TABLE `roles_tbl` DISABLE KEYS */;
INSERT INTO `roles_tbl` VALUES (1,'For general user',0,'ROLE_USER'),(2,'For admin user',0,'ROLE_ADMIN'),(3,'For Super Admin',0,'ROLE_SUPERADMIN'),(4,'For Gest user',0,'ROLE_GEAST');
/*!40000 ALTER TABLE `roles_tbl` ENABLE KEYS */;
UNLOCK TABLES;

--
-- Table structure for table `users_roles_tbl`
--

DROP TABLE IF EXISTS `users_roles_tbl`;
/*!40101 SET @saved_cs_client     = @@character_set_client */;
/*!40101 SET character_set_client = utf8 */;
CREATE TABLE `users_roles_tbl` (
  `user_id` bigint(20) NOT NULL,
  `role_id` int(11) NOT NULL,
  KEY `FKec55svjjqvr2r098g415jqrpp` (`role_id`),
  KEY `FK16ne3yb5jx0r56xxmb5bp6d82` (`user_id`),
  CONSTRAINT `FK16ne3yb5jx0r56xxmb5bp6d82` FOREIGN KEY (`user_id`) REFERENCES `users_tbl` (`id`),
  CONSTRAINT `FKec55svjjqvr2r098g415jqrpp` FOREIGN KEY (`role_id`) REFERENCES `roles_tbl` (`id`)
) ENGINE=InnoDB DEFAULT CHARSET=utf8;
/*!40101 SET character_set_client = @saved_cs_client */;

--
-- Dumping data for table `users_roles_tbl`
--

LOCK TABLES `users_roles_tbl` WRITE;
/*!40000 ALTER TABLE `users_roles_tbl` DISABLE KEYS */;
INSERT INTO `users_roles_tbl` VALUES (1,1),(1,2),(2,1),(1,3),(2,4);
/*!40000 ALTER TABLE `users_roles_tbl` ENABLE KEYS */;
UNLOCK TABLES;

--
-- Table structure for table `users_tbl`
--

DROP TABLE IF EXISTS `users_tbl`;
/*!40101 SET @saved_cs_client     = @@character_set_client */;
/*!40101 SET character_set_client = utf8 */;
CREATE TABLE `users_tbl` (
  `id` bigint(20) NOT NULL,
  `email` varchar(255) DEFAULT NULL,
  `full_name` varchar(255) DEFAULT NULL,
  `password` varchar(255) DEFAULT NULL,
  `username` varchar(255) DEFAULT NULL,
  PRIMARY KEY (`id`),
  UNIQUE KEY `UK_7p2qdaqmxojhma31lopxr6gqx` (`username`)
) ENGINE=InnoDB DEFAULT CHARSET=utf8;
/*!40101 SET character_set_client = @saved_cs_client */;

--
-- Dumping data for table `users_tbl`
--

LOCK TABLES `users_tbl` WRITE;
/*!40000 ALTER TABLE `users_tbl` DISABLE KEYS */;
INSERT INTO `users_tbl` VALUES (1,'imran@gmail.com','MD IMRAN HOSSAIN','1234566','admin'),(2,'hossain@gmail.com','MD HOSSAIN','12345','user');
/*!40000 ALTER TABLE `users_tbl` ENABLE KEYS */;
UNLOCK TABLES;
/*!40103 SET TIME_ZONE=@OLD_TIME_ZONE */;

/*!40101 SET SQL_MODE=@OLD_SQL_MODE */;
/*!40014 SET FOREIGN_KEY_CHECKS=@OLD_FOREIGN_KEY_CHECKS */;
/*!40014 SET UNIQUE_CHECKS=@OLD_UNIQUE_CHECKS */;
/*!40101 SET CHARACTER_SET_CLIENT=@OLD_CHARACTER_SET_CLIENT */;
/*!40101 SET CHARACTER_SET_RESULTS=@OLD_CHARACTER_SET_RESULTS */;
/*!40101 SET COLLATION_CONNECTION=@OLD_COLLATION_CONNECTION */;
/*!40111 SET SQL_NOTES=@OLD_SQL_NOTES */;

-- Dump completed on 2021-05-30 23:08:35
